{"robotPoses":[{"x":0.8610772850524213,"y":0.47106418852254933,"theta":3.1350581390701926,"xOld":0.8610772850524213,"yOld":0.47106418852254933,"transX":0,"transY":0,"thetaOld":0,"thetaDiff":0}],"obstacles":[{"x":0.8333426910159606,"y":0.14790722923826888,"w":0.06915629322268327,"h":0.11764705882352941,"color":"#33B8CA","form":"rectangle","type":"obstacle"}],"colorAreas":[],"ruler":{"x":0,"y":0,"xOld":0,"yOld":0,"w":0,"h":0,"wOld":0,"hOld":0,"type":"ruler","img":null,"color":null}}