{"robotPoses":[{"x":0.3718292546653258,"y":0.4227504244482173,"theta":0,"xOld":0.3718292546653258,"yOld":0.4227504244482173,"transX":0,"transY":0,"thetaDiff":0}],"obstacles":[{"x":0.9256900212314225,"y":0.9146341463414634,"w":0.05307855626326964,"h":0.06097560975609756,"color":"#33B8CA","form":"rectangle","type":"obstacle"}],"colorAreas":[],"ruler":{"x":0,"y":0,"xOld":0,"yOld":0,"w":0,"h":0,"wOld":0,"hOld":0,"type":"ruler","img":null,"color":null}}