{"robotPoses":[{"x":0.11421643720963201,"y":0.4827987797814418,"theta":0,"xOld":0.11421643720963201,"yOld":0.4827987797814418,"transX":0,"transY":0,"thetaDiff":0}],"obstacles":[{"x":0.32151862215894655,"y":0.4322879097965015,"w":0.056307194032338345,"h":0.10160559138124109,"color":"#33B8CA","form":"rectangle","type":"obstacle"},{"x":0.6262954589521224,"y":0.42833841757732555,"w":0.056307194032338345,"h":0.10526315789473684,"color":"#33B8CA","form":"rectangle","type":"obstacle"}],"colorAreas":[],"ruler":{"x":0,"y":0,"xOld":0,"yOld":0,"w":0,"h":0,"wOld":0,"hOld":0,"type":"ruler","img":null,"color":null}}